                  epoch,           train/box_om,           train/cls_om,           train/dfl_om,           train/box_oo,           train/cls_oo,           train/dfl_oo,   metrics/precision(B),      metrics/recall(B),       metrics/mAP50(B),    metrics/mAP50-95(B),             val/box_om,             val/cls_om,             val/dfl_om,             val/box_oo,             val/cls_oo,             val/dfl_oo,                 lr/pg0,                 lr/pg1,                 lr/pg2
                      1,                 3.6594,                 5.8798,                 1.9777,                 3.3874,                 6.0808,                   1.63,                0.31286,                0.43561,                0.29438,                0.09758,                 2.4263,                 1.8283,                 1.2964,                 1.9671,                 2.4858,                 1.1517,              0.0033231,              0.0033231,              0.0033231
                      2,                 2.4335,                 2.2329,                 1.3004,                 2.5187,                 2.7148,                  1.167,                0.58638,                0.62753,                0.58618,                0.19633,                   2.09,                 1.6402,                  1.106,                 2.1622,                 2.1307,                 1.1634,              0.0066345,              0.0066345,              0.0066345
                      3,                 2.2465,                 2.0445,                 1.2302,                 2.3785,                 2.5081,                 1.1452,                0.64113,                0.73485,                0.70724,                0.25108,                 2.1822,                  2.003,                 1.2252,                 1.9904,                  2.199,                 1.1713,              0.0099239,              0.0099239,              0.0099239
                      4,                 2.2934,                 2.0164,                 1.2637,                 2.4769,                 2.4744,                 1.1646,                0.68448,                0.62725,                0.63793,                 0.1848,                 2.1563,                 1.5135,                 1.1963,                 2.2535,                 1.5579,                 1.2631,               0.009901,               0.009901,               0.009901
                      5,                 2.2327,                 1.9771,                 1.2371,                 2.4389,                 2.4185,                 1.1574,                0.66294,                0.55177,                0.60491,                0.24122,                 2.0861,                 1.5052,                 1.1562,                 2.1328,                  2.014,                 1.1893,               0.009901,               0.009901,               0.009901
                      6,                 2.1688,                 1.8883,                 1.2125,                 2.3987,                 2.3373,                 1.1323,                0.69226,                0.63623,                0.65184,                0.23938,                 2.0722,                 1.5916,                 1.1543,                 2.0172,                 2.0318,                 1.1553,               0.009868,               0.009868,               0.009868
                      7,                 2.1149,                 1.8343,                 1.1887,                 2.3437,                 2.2688,                 1.1177,                0.78991,                0.70737,                0.79422,                 0.3455,                 1.7646,                 1.2238,                 1.0591,                 1.8814,                 1.1994,                 1.0898,               0.009835,               0.009835,               0.009835
                      8,                  2.038,                 1.7225,                  1.172,                 2.3134,                 2.1247,                 1.1232,                0.78996,                 0.7788,                0.79351,                  0.354,                 1.7779,                 1.1607,                 1.0485,                 1.8596,                 1.1118,                  1.094,               0.009802,               0.009802,               0.009802
                      9,                 1.9874,                 1.6308,                 1.1396,                 2.2401,                 2.0487,                 1.0927,                0.85067,                0.78283,                0.86653,                0.42474,                 1.8762,                 1.1246,                 1.1032,                 1.7085,                 1.0831,                 1.0409,               0.009769,               0.009769,               0.009769
                     10,                 1.9875,                 1.6225,                 1.1433,                   2.25,                 2.0373,                 1.0903,                0.79342,                0.79924,                0.80185,                0.38221,                 1.6897,                 1.1363,                 1.0451,                  1.705,                 1.0158,                 1.0489,               0.009736,               0.009736,               0.009736
                     11,                 1.9131,                 1.5532,                 1.1341,                 2.1692,                 1.9643,                 1.0825,                0.84576,                0.78233,                0.86127,                 0.4413,                 1.7104,                 1.0456,                 1.0385,                 1.7433,                0.89703,                 1.0576,               0.009703,               0.009703,               0.009703
                     12,                 1.9017,                 1.5329,                 1.1163,                 2.1997,                 1.9002,                 1.0769,                0.86868,                0.79345,                0.87216,                0.42435,                 1.6791,                 1.0066,                 1.0252,                 1.7744,                0.86356,                 1.0637,                0.00967,                0.00967,                0.00967
                     13,                 1.8619,                 1.4839,                  1.097,                 2.1808,                 1.8844,                 1.0631,                 0.8804,                0.80051,                0.87129,                0.39689,                 1.6641,                 1.0604,                 1.0153,                 1.8638,                0.92901,                 1.0834,               0.009637,               0.009637,               0.009637
                     14,                 1.8247,                 1.4513,                 1.0841,                  2.153,                 1.7866,                 1.0607,                0.84107,                0.85985,                0.87929,                0.50607,                 1.3832,                0.96524,                0.94948,                  1.478,                0.77802,                0.98222,               0.009604,               0.009604,               0.009604
                     15,                  1.801,                 1.4356,                 1.0833,                 2.1487,                 1.7609,                 1.0613,                0.83978,                0.81403,                0.86308,                0.48595,                 1.4783,                0.99175,                0.97119,                 1.5389,                0.84106,                0.99993,               0.009571,               0.009571,               0.009571
                     16,                 1.7919,                 1.4266,                  1.071,                 2.1161,                  1.735,                 1.0503,                0.83021,                0.86432,                0.89926,                0.45387,                 1.5977,                0.98141,                0.99444,                 1.7086,                 0.7594,                 1.0331,               0.009538,               0.009538,               0.009538
                     17,                 1.7585,                 1.3598,                 1.0644,                 2.0699,                 1.6894,                 1.0464,                0.84358,                0.88525,                 0.9191,                0.51719,                 1.4514,                0.89947,                 0.9615,                 1.5701,                0.66806,                0.99839,               0.009505,               0.009505,               0.009505
                     18,                 1.7302,                 1.3458,                 1.0577,                 2.0376,                 1.7021,                 1.0322,                0.83773,                0.86694,                0.88276,                  0.512,                 1.3826,                0.92285,                0.94241,                 1.4287,                0.77347,                0.97897,               0.009472,               0.009472,               0.009472
                     19,                 1.7055,                 1.2975,                  1.059,                 2.0411,                 1.6476,                  1.037,                0.87648,                 0.8548,                0.91003,                0.54119,                   1.41,                0.88209,                0.94517,                 1.4279,                0.68648,                0.97034,               0.009439,               0.009439,               0.009439
                     20,                 1.7158,                 1.3174,                 1.0524,                 2.0439,                 1.6253,                 1.0328,                0.81989,                0.87121,                0.89683,                0.43171,                  1.591,                0.90176,                 1.0157,                 1.7713,                0.73571,                 1.0782,               0.009406,               0.009406,               0.009406
                     21,                 1.6804,                 1.3064,                 1.0487,                 2.0118,                 1.6078,                 1.0329,                0.84891,                0.87965,                0.91287,                0.51144,                 1.4839,                0.88453,                0.96812,                 1.6075,                0.66133,                 1.0216,               0.009373,               0.009373,               0.009373
                     22,                 1.6368,                 1.2498,                 1.0435,                 1.9899,                 1.5801,                 1.0315,                0.82987,                 0.8447,                0.90327,                0.52498,                 1.3994,                0.90872,                0.94123,                 1.4743,                0.69998,                0.97712,                0.00934,                0.00934,                0.00934
                     23,                 1.6636,                 1.3055,                 1.0466,                 1.9919,                 1.6283,                 1.0244,                0.84935,                 0.8542,                0.90712,                0.48412,                 1.4929,                0.88908,                0.97753,                 1.5965,                0.74926,                 1.0059,               0.009307,               0.009307,               0.009307
                     24,                 1.6416,                 1.2456,                 1.0356,                 1.9598,                 1.5512,                 1.0191,                0.86392,                0.87753,                0.92476,                0.52505,                 1.3739,                0.83311,                0.94421,                 1.4864,                 0.6512,                0.98694,               0.009274,               0.009274,               0.009274
                     25,                 1.6478,                 1.2572,                  1.033,                 1.9891,                 1.5703,                 1.0174,                0.83771,                0.88639,                0.91772,                0.47348,                 1.6674,                0.93969,                 1.0174,                 1.6996,                0.68878,                 1.0461,               0.009241,               0.009241,               0.009241
                     26,                 1.6135,                 1.2281,                 1.0201,                 1.9259,                 1.5408,                 1.0067,                0.86884,                0.85606,                0.89443,                0.56033,                 1.3444,                0.82107,                 0.9255,                 1.3903,                0.61761,                0.95423,               0.009208,               0.009208,               0.009208
                     27,                 1.6214,                 1.2062,                 1.0297,                 1.9542,                 1.5302,                 1.0149,                0.85371,                0.81566,                0.88759,                0.51686,                 1.4432,                 0.8675,                0.95456,                 1.5212,                0.73728,                0.98504,               0.009175,               0.009175,               0.009175
                     28,                 1.6029,                 1.2245,                 1.0177,                  1.929,                 1.5467,                0.99999,                0.82838,                0.90025,                0.93141,                0.56301,                 1.3016,                0.79664,                0.93039,                 1.3804,                0.59178,                0.96191,               0.009142,               0.009142,               0.009142
                     29,                 1.5371,                 1.1747,                 1.0045,                 1.8835,                 1.4989,                0.99443,                 0.8637,                0.88636,                0.92349,                0.56771,                 1.3236,                0.80421,                0.92333,                 1.3756,                0.60532,                0.94539,               0.009109,               0.009109,               0.009109
                     30,                 1.5554,                 1.1912,                 1.0198,                 1.8958,                 1.5284,                 1.0065,                0.86603,                0.87334,                0.92198,                0.56962,                 1.2674,                0.78327,                0.92622,                 1.3424,                0.59823,                0.95101,               0.009076,               0.009076,               0.009076
                     31,                 1.5682,                 1.1684,                 1.0241,                 1.8988,                 1.4543,                 1.0037,                0.86788,                0.89578,                0.93881,                0.54494,                 1.3347,                0.81676,                0.93433,                 1.4536,                0.60792,                0.96335,               0.009043,               0.009043,               0.009043
                     32,                 1.5463,                 1.1496,                  1.009,                 1.8964,                 1.4633,                  0.996,                0.85809,                0.90404,                0.92844,                0.56674,                  1.279,                0.78537,                0.92171,                 1.3763,                0.66092,                0.95109,                0.00901,                0.00901,                0.00901
                     33,                  1.546,                 1.1707,                 1.0036,                 1.8629,                 1.4735,                0.98751,                0.87956,                0.88522,                0.93618,                0.58445,                 1.3063,                0.74465,                0.93625,                 1.3274,                0.55378,                0.95477,               0.008977,               0.008977,               0.008977
                     34,                 1.5241,                 1.1309,                0.99936,                 1.8704,                 1.4438,                 0.9865,                0.86847,                0.88763,                0.91771,                0.59552,                 1.1946,                0.77769,                0.90129,                 1.2336,                0.67393,                0.91738,               0.008944,               0.008944,               0.008944
                     35,                 1.5106,                 1.1439,                0.99866,                 1.8645,                 1.4603,                0.98633,                 0.9014,                0.87121,                0.93325,                0.61935,                 1.1949,                0.74809,                0.90195,                 1.2363,                0.55091,                0.91743,               0.008911,               0.008911,               0.008911
                     36,                  1.504,                 1.1227,                0.99909,                 1.8699,                 1.4822,                0.98392,                0.88135,                0.87228,                0.94346,                0.57365,                 1.3646,                0.77539,                0.93436,                 1.3971,                0.57575,                0.95654,               0.008878,               0.008878,               0.008878
                     37,                 1.4736,                 1.1006,                0.99075,                 1.8295,                 1.4123,                0.98273,                0.86144,                0.91843,                0.94545,                0.56952,                 1.2385,                0.74974,                0.91144,                 1.3479,                0.53818,                 0.9464,               0.008845,               0.008845,               0.008845
                     38,                 1.4978,                 1.1203,                0.99793,                 1.8505,                 1.4419,                0.98148,                0.88076,                0.89773,                0.94294,                0.63829,                 1.2098,                0.72922,                0.90751,                 1.1802,                0.51648,                0.91201,               0.008812,               0.008812,               0.008812
                     39,                 1.4889,                 1.1191,                 1.0017,                 1.8332,                 1.4424,                0.98579,                 0.8605,                0.90025,                0.93847,                0.58432,                 1.2242,                0.73215,                 0.9086,                 1.3255,                0.56986,                0.94172,               0.008779,               0.008779,               0.008779
                     40,                 1.4819,                  1.098,                0.98887,                 1.8302,                  1.425,                0.97389,                0.89203,                0.89716,                0.95127,                0.63206,                 1.1766,                0.72459,                0.90456,                 1.2178,                0.50036,                0.92345,               0.008746,               0.008746,               0.008746
                     41,                 1.4609,                 1.0779,                0.98403,                 1.8038,                 1.3904,                0.96965,                 0.8927,                0.85606,                0.93134,                0.61521,                 1.2273,                0.73694,                0.90644,                 1.2306,                0.59225,                0.91586,               0.008713,               0.008713,               0.008713
                     42,                 1.4582,                 1.0568,                0.98081,                  1.822,                 1.3793,                0.96599,                0.82838,                0.91035,                0.94149,                 0.6402,                 1.1643,                0.75369,                0.90094,                 1.1692,                0.55971,                0.91163,                0.00868,                0.00868,                0.00868
                     43,                 1.4636,                 1.0609,                0.98541,                 1.8032,                 1.3737,                 0.9671,                0.85795,                0.90278,                0.94653,                0.58542,                 1.3326,                0.75173,                0.92731,                 1.3707,                0.57255,                0.94103,               0.008647,               0.008647,               0.008647
                     44,                 1.4557,                 1.0782,                0.97676,                 1.7891,                 1.3834,                0.96321,                0.85104,                0.91035,                0.93914,                0.64888,                 1.1293,                0.67066,                 0.8907,                 1.1675,                0.50722,                0.91091,               0.008614,               0.008614,               0.008614
                     45,                 1.4546,                 1.0655,                0.97951,                 1.7808,                 1.3851,                0.96493,                0.88336,                0.88384,                0.94319,                0.63849,                 1.1584,                0.70303,                0.89619,                 1.1904,                 0.5199,                0.91179,               0.008581,               0.008581,               0.008581
                     46,                 1.4319,                 1.0408,                0.97986,                 1.7683,                 1.3383,                0.96497,                0.85674,                0.87753,                0.93071,                0.61013,                 1.2195,                0.73413,                  0.902,                 1.2553,                0.56853,                0.91742,               0.008548,               0.008548,               0.008548
                     47,                 1.4413,                 1.0518,                0.97038,                 1.7751,                  1.357,                0.96076,                0.85262,                0.90573,                0.93647,                0.63034,                 1.1718,                0.70531,                0.89628,                  1.172,                0.54059,                0.90915,               0.008515,               0.008515,               0.008515
                     48,                 1.4133,                 1.0391,                0.96938,                 1.7587,                 1.3412,                0.96049,                0.87157,                0.89646,                0.93774,                0.61759,                 1.1682,                0.71003,                0.89543,                 1.1955,                0.57576,                0.91121,               0.008482,               0.008482,               0.008482
                     49,                 1.4352,                 1.0523,                0.98073,                 1.7919,                 1.3644,                  0.967,                0.84789,                0.91919,                 0.9422,                0.65817,                 1.0913,                0.66354,                0.88511,                 1.0968,                0.52981,                0.89744,               0.008449,               0.008449,               0.008449
                     50,                  1.405,                 1.0567,                0.97669,                 1.7597,                 1.3583,                0.96562,                0.83889,                0.92043,                0.94017,                0.63383,                 1.1392,                0.66982,                0.88826,                 1.1903,                0.51936,                0.90917,               0.008416,               0.008416,               0.008416
                     51,                 1.4148,                 1.0292,                 0.9754,                 1.7653,                 1.3285,                0.96482,                0.84878,                0.90715,                 0.9395,                0.59619,                 1.1947,                0.71957,                0.90354,                 1.2596,                0.54719,                0.93046,               0.008383,               0.008383,               0.008383
                     52,                   1.39,                 1.0112,                0.95349,                 1.7733,                 1.3396,                0.95062,                0.85525,                0.90783,                0.94317,                0.61949,                 1.1835,                0.72345,                0.90468,                 1.2027,                0.56506,                0.92078,                0.00835,                0.00835,                0.00835
                     53,                 1.4073,                 1.0355,                0.97685,                 1.7556,                 1.3575,                0.96187,                0.87381,                0.90926,                0.93956,                0.58587,                  1.251,                 0.6957,                0.91112,                  1.284,                0.55631,                0.93334,               0.008317,               0.008317,               0.008317
                     54,                 1.3737,                 1.0013,                0.95847,                  1.707,                 1.3167,                0.94643,                0.87072,                0.91841,                0.94023,                0.64448,                 1.1031,                0.65689,                0.88457,                 1.1155,                0.52227,                0.89584,               0.008284,               0.008284,               0.008284
                     55,                 1.3733,                 1.0242,                0.96289,                  1.732,                 1.3114,                0.95576,                0.87162,                0.90008,                0.92497,                0.61729,                  1.163,                0.68353,                0.89323,                  1.204,                0.53932,                0.91409,               0.008251,               0.008251,               0.008251
                     56,                 1.3782,                 1.0288,                0.96636,                 1.7144,                 1.3444,                0.95611,                0.85815,                0.90152,                0.92225,                0.60895,                 1.1699,                0.66477,                 0.8976,                  1.185,                0.52086,                0.91161,               0.008218,               0.008218,               0.008218
                     57,                 1.3517,                0.97513,                0.95207,                 1.7324,                    1.3,                0.94468,                0.87331,                 0.9139,                0.94296,                0.64629,                  1.103,                0.64304,                 0.8839,                 1.1563,                0.47817,                0.90042,               0.008185,               0.008185,               0.008185
                     58,                 1.3697,                0.98856,                0.96273,                  1.715,                 1.3343,                0.94898,                0.86064,                0.90452,                0.92851,                0.62767,                 1.1426,                 0.6703,                0.89025,                 1.1547,                0.51993,                0.90696,               0.008152,               0.008152,               0.008152
                     59,                 1.3555,                 1.0021,                0.95408,                 1.6828,                 1.2881,                 0.9429,                0.87825,                0.91991,                0.94982,                0.61639,                 1.1851,                0.64673,                0.90048,                 1.2267,                0.51017,                0.91837,               0.008119,               0.008119,               0.008119
                     60,                 1.3406,                0.97211,                0.95551,                 1.6913,                 1.2501,                0.94528,                0.86564,                0.91105,                0.94249,                0.65153,                 1.0958,                0.64772,                0.88529,                 1.1305,                0.49717,                0.89834,               0.008086,               0.008086,               0.008086
                     61,                 1.3555,                0.98751,                0.95463,                 1.6928,                  1.316,                0.94161,                0.88557,                0.88131,                0.93198,                0.60547,                 1.2457,                0.71406,                0.90867,                 1.2868,                0.55653,                0.92595,               0.008053,               0.008053,               0.008053
                     62,                 1.3577,                0.99494,                0.95733,                  1.703,                 1.2954,                0.94895,                0.85527,                0.91162,                0.93354,                0.59971,                 1.2282,                0.68735,                0.90281,                 1.2715,                0.56098,                0.92005,                0.00802,                0.00802,                0.00802
                     63,                 1.3448,                 1.0003,                0.95111,                 1.7016,                 1.3221,                0.93785,                0.87591,                0.89125,                0.93589,                0.62324,                 1.1569,                0.66755,                0.88943,                 1.1708,                0.52376,                0.89834,               0.007987,               0.007987,               0.007987
                     64,                 1.3241,                0.97706,                0.95313,                 1.6503,                 1.2585,                0.94184,                0.86851,                0.91919,                0.94158,                0.64519,                 1.1264,                0.64028,                0.88921,                 1.1536,                0.48022,                0.90158,               0.007954,               0.007954,               0.007954
                     65,                 1.3254,                0.98776,                0.95706,                 1.6363,                 1.2526,                0.94382,                0.84477,                0.93182,                0.94435,                0.64641,                 1.1023,                0.62844,                 0.8856,                 1.1316,                0.47978,                0.89861,               0.007921,               0.007921,               0.007921
                     66,                 1.3248,                0.95464,                0.95068,                 1.6706,                 1.2572,                0.93641,                0.85466,                0.92803,                0.93253,                0.62309,                 1.1033,                0.62519,                0.88385,                 1.1337,                0.48931,                0.89908,               0.007888,               0.007888,               0.007888
                     67,                 1.3402,                0.96333,                0.95182,                 1.6611,                  1.272,                0.94017,                0.90191,                0.88236,                0.95281,                0.63396,                 1.1928,                0.66003,                0.89697,                 1.2067,                0.52586,                0.91038,               0.007855,               0.007855,               0.007855
                     68,                  1.321,                0.95831,                0.94982,                 1.6616,                 1.2518,                0.93792,                0.88679,                0.90004,                0.95191,                0.65674,                 1.1131,                0.63608,                0.87794,                  1.148,                0.48354,                 0.8964,               0.007822,               0.007822,               0.007822
                     69,                 1.3032,                0.95728,                0.94819,                 1.6614,                 1.2629,                0.94446,                0.87075,                0.91667,                0.95126,                0.63264,                 1.1895,                0.64169,                0.89431,                  1.192,                0.47439,                0.90825,               0.007789,               0.007789,               0.007789
                     70,                 1.2997,                0.94759,                 0.9424,                 1.6513,                 1.2425,                0.93455,                0.88834,                0.90408,                0.95571,                0.63736,                 1.1037,                0.62613,                0.88288,                   1.15,                0.47273,                 0.9007,               0.007756,               0.007756,               0.007756
                     71,                 1.2866,                0.92122,                0.95177,                 1.6496,                  1.245,                0.94053,                0.86303,                0.93082,                0.95026,                0.63685,                 1.0862,                0.61933,                0.88187,                 1.1208,                 0.4604,                0.89627,               0.007723,               0.007723,               0.007723
                     72,                 1.3013,                0.92419,                0.94061,                 1.6326,                 1.2239,                0.92991,                0.86898,                0.91276,                0.94261,                0.63732,                 1.1013,                0.65083,                0.88162,                 1.1329,                0.54136,                0.89725,                0.00769,                0.00769,                0.00769
                     73,                 1.2992,                0.93769,                0.94642,                 1.6472,                 1.2498,                0.93819,                0.87959,                0.89471,                0.94166,                 0.6604,                 1.0855,                 0.6544,                0.88267,                 1.0863,                0.51275,                0.88743,               0.007657,               0.007657,               0.007657
                     74,                 1.2868,                0.93237,                0.93532,                 1.6431,                 1.2463,                0.92923,                0.87186,                0.90783,                0.94936,                0.66687,                  1.083,                0.64501,                0.87682,                 1.0935,                0.46911,                0.88396,               0.007624,               0.007624,               0.007624
                     75,                 1.3033,                0.93709,                0.93966,                 1.6582,                   1.24,                0.93126,                0.86337,                0.92554,                0.94997,                0.63757,                 1.0916,                0.62326,                0.88126,                 1.1234,                0.46689,                0.89352,               0.007591,               0.007591,               0.007591
                     76,                 1.2752,                0.93031,                0.93084,                  1.619,                 1.2253,                0.92271,                0.84841,                0.92576,                0.94977,                 0.6536,                 1.0737,                0.62608,                0.88047,                 1.1025,                0.47754,                0.89291,               0.007558,               0.007558,               0.007558
                     77,                 1.2911,                0.93946,                0.94388,                 1.6216,                 1.2196,                0.93213,                0.87729,                0.93881,                0.95569,                0.66436,                 1.0788,                0.60554,                0.87263,                 1.1157,                0.44334,                0.88592,               0.007525,               0.007525,               0.007525
                     78,                 1.2725,                 0.9212,                 0.9391,                 1.5967,                 1.2015,                 0.9298,                0.89158,                0.89268,                0.95297,                0.64666,                 1.0993,                0.61202,                0.88256,                 1.1474,                0.47727,                0.89983,               0.007492,               0.007492,               0.007492
                     79,                 1.2689,                0.91052,                0.93958,                 1.6087,                 1.2118,                0.93038,                0.87079,                0.91919,                0.94676,                0.63272,                 1.1766,                0.63997,                0.89229,                   1.19,                0.49093,                0.90499,               0.007459,               0.007459,               0.007459
                     80,                 1.2692,                0.93392,                0.93203,                 1.6179,                 1.2383,                0.92478,                0.87424,                0.91281,                 0.9462,                0.65326,                 1.0696,                0.63929,                 0.8754,                 1.1055,                0.49885,                0.88862,               0.007426,               0.007426,               0.007426
                     81,                 1.2713,                0.93099,                0.93547,                 1.6257,                 1.2435,                0.92933,                0.89021,                0.89068,                0.94495,                0.66678,                 1.0748,                0.62493,                0.88047,                 1.0935,                0.49524,                0.89312,               0.007393,               0.007393,               0.007393
                     82,                 1.2623,                0.92012,                0.93414,                 1.5852,                 1.2171,                0.92699,                0.87464,                0.90909,                0.95193,                0.65244,                 1.1256,                0.63374,                0.88203,                 1.1476,                 0.5014,                0.89609,                0.00736,                0.00736,                0.00736
                     83,                 1.2731,                0.91587,                0.94031,                 1.6339,                 1.2279,                0.93205,                0.89043,                0.90025,                0.95316,                0.65503,                  1.103,                0.61805,                0.88466,                 1.1327,                0.47522,                0.90183,               0.007327,               0.007327,               0.007327
                     84,                 1.2688,                0.92418,                0.93333,                 1.6117,                 1.2019,                0.92986,                0.90961,                0.86616,                0.95091,                 0.6307,                 1.1615,                0.63119,                0.88905,                 1.2109,                0.51245,                0.90746,               0.007294,               0.007294,               0.007294
                     85,                 1.2404,                0.89543,                0.93241,                 1.5789,                 1.1973,                0.92553,                0.88155,                0.88889,                 0.9359,                 0.6388,                 1.1026,                0.65404,                 0.8844,                 1.1309,                0.54708,                0.89835,               0.007261,               0.007261,               0.007261
                     86,                 1.2585,                0.91048,                0.93452,                 1.6069,                  1.195,                0.92618,                0.84706,                0.91667,                0.95346,                0.66976,                 1.0534,                0.63879,                  0.869,                  1.116,                0.52129,                0.88873,               0.007228,               0.007228,               0.007228
                     87,                 1.2638,                 0.9122,                0.93527,                 1.5902,                 1.2022,                0.92288,                0.89307,                0.86476,                0.94311,                0.64134,                 1.1222,                0.64779,                0.88002,                  1.158,                0.55208,                0.89859,               0.007195,               0.007195,               0.007195
                     88,                 1.2442,                0.88543,                0.92902,                 1.5877,                 1.1921,                0.91883,                0.87297,                0.91793,                0.94914,                0.66661,                 1.1012,                0.59535,                0.88106,                 1.1149,                0.47744,                0.88875,               0.007162,               0.007162,               0.007162
                     89,                 1.2452,                0.86443,                0.92641,                 1.6009,                  1.152,                0.91874,                0.87355,                0.92461,                 0.9519,                0.66166,                 1.0807,                0.59406,                0.87852,                 1.0892,                0.47187,                0.88705,               0.007129,               0.007129,               0.007129
                     90,                 1.2237,                0.88576,                0.93083,                  1.565,                 1.1846,                0.92442,                0.90633,                 0.8851,                0.95261,                0.66679,                 1.0351,                0.57943,                0.87558,                 1.0643,                 0.4419,                0.88631,               0.007096,               0.007096,               0.007096
                     91,                 1.2331,                0.88278,                0.92889,                 1.5896,                 1.1784,                0.92576,                0.86843,                0.90004,                0.93693,                0.65962,                 1.0441,                0.62708,                0.87438,                 1.0644,                  0.506,                0.88643,               0.007063,               0.007063,               0.007063
                     92,                 1.2255,                0.88473,                0.92384,                  1.583,                 1.1821,                0.91908,                0.85774,                0.93182,                0.94464,                0.65919,                 1.0461,                0.58515,                0.87504,                 1.0594,                0.47831,                0.88431,                0.00703,                0.00703,                0.00703
                     93,                 1.2355,                0.88927,                0.92887,                 1.5775,                 1.1682,                 0.9213,                0.86867,                0.93308,                0.94407,                0.62227,                 1.2347,                0.60697,                0.89879,                 1.2334,                0.47973,                0.90892,               0.006997,               0.006997,               0.006997
                     94,                 1.2053,                0.87308,                0.92256,                 1.5233,                 1.1567,                0.91849,                0.86917,                0.93113,                0.94469,                0.65398,                 1.1049,                0.58124,                 0.8825,                 1.1156,                0.46151,                0.89151,               0.006964,               0.006964,               0.006964
                     95,                 1.2161,                0.87726,                0.91816,                 1.5534,                 1.1549,                0.91304,                0.88361,                0.89394,                0.94282,                0.63683,                  1.158,                0.61302,                0.88987,                  1.191,                0.50658,                0.90204,               0.006931,               0.006931,               0.006931
                     96,                 1.2045,                0.86154,                0.91939,                 1.5517,                  1.149,                 0.9153,                0.84843,                0.92585,                0.94392,                0.64302,                 1.0839,                0.63156,                0.88204,                 1.1449,                0.52138,                0.89965,               0.006898,               0.006898,               0.006898
                     97,                 1.2078,                0.87205,                0.91822,                 1.5312,                 1.1486,                0.91255,                0.88026,                0.90036,                0.94607,                0.66076,                 1.0871,                0.59774,                0.88164,                 1.1034,                0.48286,                0.89303,               0.006865,               0.006865,               0.006865
                     98,                 1.1783,                0.84847,                 0.9201,                 1.5039,                 1.1152,                0.91226,                0.87172,                0.92662,                0.95929,                0.65432,                 1.1261,                0.58867,                 0.8865,                 1.1502,                0.47242,                0.89886,               0.006832,               0.006832,               0.006832
                     99,                 1.1739,                0.83721,                0.91334,                 1.5334,                 1.1045,                0.90898,                 0.8661,                0.92284,                0.95988,                0.66281,                 1.0857,                0.60504,                0.88069,                 1.1103,                0.47761,                0.89491,               0.006799,               0.006799,               0.006799
                    100,                 1.2146,                0.86484,                0.91768,                 1.5525,                 1.1246,                0.91149,                0.88191,                0.90909,                0.95138,                0.67074,                 1.0356,                0.59055,                0.87113,                 1.0508,                0.49085,                0.87984,               0.006766,               0.006766,               0.006766
                    101,                 1.2015,                0.86344,                0.91819,                 1.5245,                 1.1207,                0.90834,                0.89885,                0.87514,                0.94865,                0.65534,                 1.1066,                0.60653,                0.88011,                 1.1128,                0.50205,                0.88856,               0.006733,               0.006733,               0.006733
                    102,                 1.1997,                0.85171,                0.92244,                 1.5342,                 1.1376,                0.91394,                0.90272,                0.86869,                0.94685,                0.64996,                 1.1746,                0.62015,                0.89182,                 1.1917,                0.50749,                0.90155,                 0.0067,                 0.0067,                 0.0067
                    103,                 1.1897,                0.85691,                0.91544,                 1.5219,                 1.1513,                0.90716,                0.86511,                0.90783,                0.95109,                0.65817,                 1.1179,                0.61152,                0.87919,                 1.1431,                 0.5025,                0.88785,               0.006667,               0.006667,               0.006667
                    104,                 1.1545,                0.82503,                 0.9057,                 1.4942,                 1.0849,                0.90025,                 0.8715,                0.89913,                0.95261,                0.67177,                 1.0487,                0.59435,                0.87081,                 1.0771,                0.48974,                0.88089,               0.006634,               0.006634,               0.006634
                    105,                 1.2062,                0.86767,                0.91517,                 1.5748,                 1.1605,                0.90651,                0.88274,                0.88395,                0.94343,                0.64669,                 1.1254,                0.63216,                0.88037,                 1.1567,                0.53908,                0.89093,               0.006601,               0.006601,               0.006601
                    106,                  1.159,                0.82275,                 0.9147,                 1.4914,                  1.111,                0.90568,                0.89389,                0.87221,                0.94476,                0.65594,                 1.1227,                0.64926,                0.88513,                 1.1351,                0.54762,                0.89482,               0.006568,               0.006568,               0.006568
                    107,                 1.1855,                0.85041,                0.91512,                 1.5216,                 1.1294,                0.91093,                0.87076,                0.90171,                0.94215,                0.66987,                 1.0575,                0.63161,                0.87188,                 1.0739,                0.54442,                0.87782,               0.006535,               0.006535,               0.006535
                    108,                 1.1695,                0.85327,                0.91483,                 1.5125,                 1.1455,                0.91147,                0.88403,                0.89509,                0.94939,                0.67504,                 1.0677,                0.62203,                0.87294,                 1.0785,                0.51724,                0.88148,               0.006502,               0.006502,               0.006502
                    109,                 1.1901,                0.84564,                0.91135,                 1.5392,                 1.1328,                0.90596,                0.87954,                0.90344,                0.93838,                0.66114,                 1.0559,                0.62746,                0.86981,                 1.0751,                0.52181,                0.87916,               0.006469,               0.006469,               0.006469
                    110,                 1.1682,                0.84789,                 0.9139,                  1.488,                 1.1141,                0.90677,                0.86654,                   0.91,                0.94633,                 0.6501,                 1.1283,                0.63306,                0.88074,                 1.1385,                0.53039,                0.89008,               0.006436,               0.006436,               0.006436
                    111,                 1.1523,                0.83297,                0.90924,                 1.4839,                 1.1007,                 0.9063,                0.86802,                0.90909,                0.95059,                0.67565,                 1.0882,                0.61151,                0.87204,                 1.0898,                0.50602,                0.87977,               0.006403,               0.006403,               0.006403
                    112,                 1.1719,                0.82717,                0.91345,                 1.5028,                  1.093,                 0.9053,                0.91034,                0.87174,                0.94608,                0.65965,                 1.1089,                0.61877,                0.87906,                 1.1379,                0.51947,                0.89011,                0.00637,                0.00637,                0.00637
                    113,                  1.154,                0.82689,                0.90619,                 1.5076,                  1.101,                0.90138,                0.86353,                0.89479,                0.94088,                0.66191,                 1.0558,                0.63442,                0.87156,                 1.0664,                0.53466,                0.88382,               0.006337,               0.006337,               0.006337
                    114,                 1.1769,                0.82227,                0.91542,                 1.5192,                 1.1128,                0.90999,                0.90997,                0.85505,                0.94876,                0.67797,                 1.0467,                0.62747,                  0.871,                 1.0532,                0.56479,                0.87833,               0.006304,               0.006304,               0.006304
                    115,                 1.1461,                0.81788,                0.90719,                 1.4881,                 1.0931,                0.90485,                0.90238,                0.87531,                0.95018,                0.66699,                 1.0785,                0.62178,                0.87919,                 1.0907,                0.53385,                0.88733,               0.006271,               0.006271,               0.006271
                    116,                  1.138,                0.81176,                0.90643,                 1.4876,                 1.0788,                0.90131,                0.88981,                0.89015,                0.94539,                0.67892,                 1.0319,                0.59204,                0.86988,                 1.0493,                0.52788,                 0.8799,               0.006238,               0.006238,               0.006238
                    117,                 1.1481,                0.81823,                0.90484,                 1.4862,                 1.0864,                0.89889,                0.88594,                0.88264,                0.95017,                0.66402,                 1.0862,                0.62159,                0.87652,                 1.0897,                  0.546,                0.88468,               0.006205,               0.006205,               0.006205
                    118,                 1.1475,                0.82841,                0.90734,                 1.5058,                 1.1013,                0.90432,                 0.8936,                0.88018,                0.94837,                0.66346,                 1.0805,                0.61716,                0.88001,                 1.0967,                0.51892,                0.88744,               0.006172,               0.006172,               0.006172
                    119,                 1.1388,                0.82399,                0.90545,                 1.4833,                 1.0989,                0.90045,                 0.8866,                0.87879,                0.94797,                0.66741,                 1.0695,                0.58366,                0.87991,                 1.0891,                0.49817,                0.88539,               0.006139,               0.006139,               0.006139
                    120,                 1.1604,                0.81607,                0.90506,                 1.5123,                  1.093,                0.89777,                0.88793,                0.87753,                0.94719,                0.67321,                 1.0656,                0.59534,                0.87525,                  1.067,                0.50689,                0.88142,               0.006106,               0.006106,               0.006106
                    121,                  1.161,                0.83844,                0.90638,                 1.5115,                 1.1408,                0.90453,                0.88719,                0.88763,                0.94446,                0.66728,                 1.0651,                0.57465,                0.87238,                 1.0779,                0.52489,                 0.8812,               0.006073,               0.006073,               0.006073
                    122,                 1.1291,                0.80063,                0.90855,                 1.4815,                 1.0694,                0.90208,                0.88473,                0.90124,                0.95002,                0.67405,                 1.0256,                0.56543,                 0.8702,                  1.041,                0.50623,                0.87771,                0.00604,                0.00604,                0.00604
                    123,                 1.1348,                0.80986,                0.90624,                 1.4526,                 1.0881,                0.90144,                0.88912,                0.88763,                0.95133,                0.68126,                 1.0268,                0.57272,                0.86981,                 1.0431,                0.49727,                 0.8768,               0.006007,               0.006007,               0.006007
                    124,                 1.1324,                0.80294,                0.90385,                 1.4664,                 1.0901,                0.90004,                0.89771,                0.88648,                0.94695,                0.67763,                 1.0542,                0.58449,                 0.8748,                  1.067,                0.52555,                0.88197,               0.005974,               0.005974,               0.005974
                    125,                 1.1382,                0.81086,                0.90592,                 1.4849,                 1.0869,                0.90167,                0.89156,                0.89273,                0.95114,                0.66861,                 1.0662,                0.59963,                0.87579,                 1.0825,                0.52666,                0.88742,               0.005941,               0.005941,               0.005941
                    126,                 1.1173,                 0.7989,                0.90356,                 1.4721,                 1.0653,                0.89748,                0.89437,                0.88735,                0.94897,                0.66515,                 1.0764,                0.59299,                0.88007,                 1.0975,                0.50669,                 0.8901,               0.005908,               0.005908,               0.005908
                    127,                 1.1211,                0.79662,                0.90665,                 1.4598,                 1.0653,                0.90136,                0.87608,                0.90278,                 0.9494,                0.67367,                 1.0579,                 0.5697,                0.87535,                 1.0774,                0.49446,                0.88553,               0.005875,               0.005875,               0.005875
                    128,                 1.1123,                0.79624,                0.90302,                 1.4747,                 1.0763,                0.89611,                0.89206,                0.88696,                 0.9487,                0.66856,                 1.0686,                0.58477,                0.87863,                 1.0833,                0.49294,                0.88686,               0.005842,               0.005842,               0.005842
                    129,                 1.1307,                0.82386,                0.90213,                 1.4719,                 1.1079,                0.90032,                0.88402,                0.90466,                0.95106,                0.67428,                 1.0571,                0.58923,                  0.874,                 1.0734,                0.50402,                0.88153,               0.005809,               0.005809,               0.005809
                    130,                 1.1144,                0.79932,                0.90244,                 1.4608,                 1.0591,                0.90018,                0.88132,                0.89773,                0.94944,                0.67781,                 1.0554,                0.59162,                0.87627,                 1.0762,                  0.509,                0.88679,               0.005776,               0.005776,               0.005776
                    131,                 1.1145,                0.78911,                0.90206,                 1.4461,                 1.0441,                0.89708,                0.90356,                0.86869,                0.94338,                0.66295,                 1.0873,                0.59727,                0.88375,                 1.0948,                0.52206,                  0.891,               0.005743,               0.005743,               0.005743
                    132,                 1.0988,                0.78021,                0.88862,                 1.4435,                 1.0441,                0.88792,                0.90588,                0.86869,                0.94963,                0.66778,                 1.0857,                0.59251,                0.88141,                  1.109,                0.50111,                0.89154,                0.00571,                0.00571,                0.00571
                    133,                 1.1146,                0.78314,                0.90401,                 1.4607,                 1.0303,                0.89981,                0.86528,                0.89773,                0.93923,                0.66394,                  1.077,                0.62176,                0.87674,                 1.0798,                0.57908,                0.88485,               0.005677,               0.005677,               0.005677
                    134,                 1.0862,                0.76582,                0.89228,                 1.4525,                 1.0399,                0.89135,                0.87732,                0.88488,                0.93754,                0.66717,                 1.0449,                0.60864,                0.87156,                 1.0627,                0.57887,                0.88025,               0.005644,               0.005644,               0.005644
                    135,                 1.0862,                0.76378,                0.89091,                 1.4307,                 1.0199,                0.88884,                0.86957,                0.90657,                 0.9431,                0.66778,                 1.0547,                0.60109,                0.87247,                 1.0766,                0.54148,                0.88132,               0.005611,               0.005611,               0.005611
                    136,                 1.0906,                0.78672,                0.90068,                 1.4257,                 1.0571,                0.89681,                0.89451,                0.88131,                0.94439,                 0.6681,                  1.079,                0.58903,                0.87541,                 1.0996,                0.52331,                0.88143,               0.005578,               0.005578,               0.005578
                    137,                 1.1089,                0.78941,                0.90308,                 1.4642,                 1.0665,                0.89866,                0.88308,                0.88258,                0.94207,                0.65755,                 1.1062,                0.61556,                0.88083,                 1.1183,                0.55096,                0.88823,               0.005545,               0.005545,               0.005545
                    138,                 1.0837,                0.77007,                 0.8961,                  1.429,                 1.0301,                0.89135,                0.89107,                0.87795,                0.94738,                0.67004,                 1.0619,                0.59036,                 0.8737,                 1.0696,                0.52966,                0.88178,               0.005512,               0.005512,               0.005512
                    139,                 1.0833,                0.76564,                 0.8948,                 1.4196,                 1.0377,                0.88996,                0.88581,                0.89015,                0.95024,                 0.6783,                 1.0596,                 0.5851,                0.87682,                  1.069,                0.51086,                0.88329,               0.005479,               0.005479,               0.005479
                    140,                 1.0706,                0.75711,                0.89051,                 1.4053,                 1.0417,                0.88912,                0.86059,                0.89634,                0.94227,                0.68027,                 1.0341,                0.60578,                0.87572,                 1.0467,                0.52646,                0.88297,               0.005446,               0.005446,               0.005446
                    141,                 1.0836,                0.75636,                0.89492,                 1.4401,                 1.0423,                0.88756,                0.87034,                0.89646,                0.94594,                0.67976,                 1.0376,                0.58927,                0.87451,                 1.0488,                0.50016,                0.88176,               0.005413,               0.005413,               0.005413
                    142,                 1.0791,                0.75314,                0.88906,                 1.4156,                 1.0162,                 0.8907,                0.87901,                0.89896,                0.95344,                 0.6796,                 1.0535,                0.58748,                0.87409,                 1.0716,                0.51119,                0.88268,                0.00538,                0.00538,                0.00538
                    143,                 1.0605,                0.76664,                0.88884,                 1.4124,                 1.0431,                0.88673,                0.88089,                 0.9053,                 0.9496,                 0.6757,                 1.0644,                0.58852,                0.87487,                 1.0851,                0.51089,                0.88413,               0.005347,               0.005347,               0.005347
                    144,                 1.0751,                0.75685,                0.89156,                 1.4177,                 1.0421,                0.89101,                0.87759,                 0.9143,                0.95058,                0.67593,                 1.0611,                0.58117,                0.87306,                 1.0783,                0.50936,                0.88193,               0.005314,               0.005314,               0.005314
                    145,                 1.0879,                0.76345,                0.89401,                 1.4453,                 1.0388,                0.88821,                0.89373,                0.89199,                0.95091,                0.67557,                 1.0575,                0.58642,                0.87277,                 1.0676,                0.52156,                 0.8814,               0.005281,               0.005281,               0.005281
                    146,                 1.0561,                0.75343,                0.88469,                 1.3825,                 1.0154,                0.87998,                0.88728,                0.88763,                0.95103,                0.67664,                 1.0475,                0.58745,                0.87135,                   1.06,                0.52923,                0.88049,               0.005248,               0.005248,               0.005248
                    147,                  1.053,                0.73993,                0.88297,                 1.3843,                0.99118,                0.88322,                0.88506,                0.89141,                0.94394,                0.67391,                  1.054,                0.60765,                0.87287,                 1.0724,                0.55049,                0.88333,               0.005215,               0.005215,               0.005215
                    148,                  1.079,                0.76512,                0.89787,                  1.423,                  1.028,                0.89616,                0.89471,                0.89057,                0.94939,                0.67442,                 1.0404,                 0.5921,                0.86942,                 1.0551,                0.53442,                0.87909,               0.005182,               0.005182,               0.005182
                    149,                 1.0458,                0.74736,                0.89122,                 1.3733,                 1.0263,                0.88388,                0.88409,                 0.9053,                0.95149,                0.67414,                 1.0547,                0.56688,                  0.869,                 1.0722,                0.50691,                0.87972,               0.005149,               0.005149,               0.005149
                    150,                 1.0479,                0.73733,                0.89045,                 1.3853,                 1.0077,                0.88534,                0.86884,                0.91667,                0.95299,                0.67644,                 1.0542,                0.56721,                0.86983,                 1.0814,                0.51145,                0.87812,               0.005116,               0.005116,               0.005116
                    151,                 1.0674,                0.74316,                0.89237,                 1.3907,                0.99083,                0.88541,                0.90653,                0.88005,                0.95159,                 0.6744,                 1.0597,                0.57545,                0.87185,                 1.0792,                0.50407,                0.87962,               0.005083,               0.005083,               0.005083
                    152,                 1.0423,                0.71362,                  0.894,                 1.3767,                0.96708,                0.89069,                0.89723,                0.89285,                0.95186,                0.67972,                 1.0457,                0.56929,                0.87312,                 1.0603,                0.49304,                0.87865,                0.00505,                0.00505,                0.00505
                    153,                  1.051,                0.74527,                 0.8825,                 1.3916,                 1.0055,                0.88288,                0.90484,                 0.8851,                0.95324,                0.67812,                 1.0399,                0.56413,                0.87023,                 1.0533,                  0.481,                0.87788,               0.005017,               0.005017,               0.005017
                    154,                 1.0489,                0.75438,                0.89114,                 1.3777,                0.99693,                0.88831,                0.88074,                0.91377,                0.95295,                0.67728,                 1.0377,                  0.566,                0.87039,                 1.0461,                0.48462,                0.87631,               0.004984,               0.004984,               0.004984
                    155,                 1.0435,                0.73146,                0.88949,                 1.3907,                 1.0156,                0.88697,                0.89378,                 0.8952,                0.95393,                0.68258,                 1.0293,                0.57711,                0.86802,                 1.0447,                0.50219,                0.87545,               0.004951,               0.004951,               0.004951
                    156,                 1.0453,                0.74437,                0.89332,                 1.3728,                0.99481,                0.88938,                0.89573,                  0.875,                0.95027,                0.68532,                 1.0103,                0.57914,                0.86208,                 1.0288,                 0.4999,                0.87244,               0.004918,               0.004918,               0.004918
                    157,                 1.0253,                0.72114,                0.88143,                 1.3505,                0.98061,                0.88065,                0.90683,                0.86022,                 0.9505,                0.68267,                0.99929,                0.58532,                0.86023,                 1.0196,                0.50752,                0.87094,               0.004885,               0.004885,               0.004885
                    158,                  1.053,                   0.75,                0.89245,                 1.4003,                 1.0291,                0.88778,                0.89079,                 0.8857,                0.95293,                 0.6837,                 1.0126,                0.58144,                0.86307,                 1.0312,                0.51203,                0.87268,               0.004852,               0.004852,               0.004852
                    159,                 1.0265,                 0.7347,                0.88514,                 1.3613,                0.99796,                0.88106,                0.91092,                0.86504,                0.95247,                0.68117,                 1.0155,                0.57016,                0.86509,                 1.0359,                0.50161,                0.87435,               0.004819,               0.004819,               0.004819
                    160,                 1.0267,                0.72723,                 0.8742,                 1.3565,                 0.9957,                0.87489,                0.91391,                0.86742,                 0.9525,                0.67526,                 1.0221,                0.57085,                0.86543,                  1.045,                 0.5074,                0.87559,               0.004786,               0.004786,               0.004786
                    161,                 1.0412,                0.74648,                0.88521,                 1.3907,                 1.0117,                0.88173,                0.89187,                0.87247,                0.94975,                0.68002,                 1.0257,                0.56809,                0.86554,                 1.0438,                 0.5048,                0.87232,               0.004753,               0.004753,               0.004753
                    162,                 1.0378,                0.74548,                0.87771,                 1.3924,                 1.0122,                0.87624,                0.91968,                0.85732,                0.94942,                0.67908,                 1.0367,                0.57277,                0.86737,                 1.0482,                0.49965,                0.87247,                0.00472,                0.00472,                0.00472
                    163,                  1.025,                0.71831,                0.88526,                 1.3532,                0.96653,                0.88135,                0.92691,                0.84861,                 0.9517,                0.66898,                 1.0599,                0.58013,                0.87097,                 1.0696,                0.52039,                0.87728,               0.004687,               0.004687,               0.004687
                    164,                  1.007,                0.71019,                0.87855,                 1.3604,                0.97051,                0.87693,                0.90445,                0.86742,                 0.9494,                0.67181,                  1.045,                 0.6022,                0.86949,                  1.062,                0.54017,                0.87725,               0.004654,               0.004654,               0.004654
                    165,                 1.0018,                 0.7135,                0.87801,                 1.3434,                0.97653,                0.87799,                0.87299,                0.89646,                0.94872,                0.67189,                 1.0485,                0.61374,                0.86866,                 1.0665,                0.54977,                0.87802,               0.004621,               0.004621,               0.004621
                    166,                  1.017,                0.71296,                0.87772,                 1.3386,                0.95866,                 0.8757,                0.85454,                0.91919,                0.95024,                0.67439,                  1.049,                0.59583,                0.86777,                 1.0631,                0.53206,                0.87645,               0.004588,               0.004588,               0.004588
                    167,                  1.039,                0.73863,                0.88309,                 1.4052,                 1.0236,                0.88393,                0.89955,                0.87626,                0.95347,                0.67385,                 1.0517,                0.58589,                0.86921,                 1.0696,                0.53257,                0.87759,               0.004555,               0.004555,               0.004555
                    168,                 1.0147,                0.72101,                 0.8803,                 1.3642,                0.99239,                 0.8813,                0.84611,                0.93182,                0.95226,                0.66972,                 1.0662,                0.58666,                0.87141,                 1.0825,                0.53919,                0.87852,               0.004522,               0.004522,               0.004522
                    169,                 1.0148,                0.71969,                0.88132,                  1.356,                 1.0001,                0.87883,                0.85114,                0.92408,                0.95164,                0.66494,                 1.0717,                0.57864,                0.87409,                 1.0887,                0.53231,                0.88189,               0.004489,               0.004489,               0.004489
                    170,                0.99906,                0.70522,                0.87824,                 1.3271,                0.97403,                0.87641,                0.86994,                0.89899,                0.95141,                0.66775,                  1.057,                0.58376,                0.87338,                 1.0718,                 0.5388,                0.88096,               0.004456,               0.004456,               0.004456
                    171,                 1.0068,                0.71723,                 0.8754,                 1.3239,                 0.9758,                0.87266,                0.89822,                0.88031,                0.95263,                0.67642,                 1.0396,                0.57769,                0.86997,                 1.0517,                0.51624,                0.87605,               0.004423,               0.004423,               0.004423
                    172,                 1.0082,                 0.7225,                 0.8765,                 1.3315,                0.97274,                0.87539,                 0.8845,                0.89899,                0.95287,                0.67707,                 1.0309,                0.56959,                0.86865,                 1.0453,                0.50574,                0.87543,                0.00439,                0.00439,                0.00439
                    173,                 1.0064,                0.71622,                0.88365,                 1.3604,                 0.9803,                0.88244,                0.85934,                0.92567,                0.95313,                 0.6758,                 1.0292,                0.56936,                0.86857,                 1.0415,                0.50457,                0.87485,               0.004357,               0.004357,               0.004357
                    174,                 1.0169,                0.70386,                0.87657,                 1.3645,                0.98211,                0.87383,                0.86411,                0.92332,                0.95281,                0.67963,                 1.0194,                0.57339,                0.86737,                 1.0322,                0.51411,                0.87247,               0.004324,               0.004324,               0.004324
                    175,                0.99125,                0.70716,                0.87336,                 1.3409,                0.96641,                 0.8747,                0.87095,                0.92424,                0.95272,                0.68592,                  1.021,                0.57473,                 0.8679,                 1.0343,                0.51118,                0.87288,               0.004291,               0.004291,               0.004291
                    176,                0.99351,                0.71548,                0.88448,                  1.325,                 0.9782,                0.87674,                0.87539,                0.92245,                0.95356,                0.68344,                 1.0311,                 0.5718,                0.86908,                 1.0417,                 0.5092,                0.87454,               0.004258,               0.004258,               0.004258
                    177,                0.99067,                0.71653,                 0.8733,                 1.3015,                0.95187,                0.87122,                0.86949,                0.92803,                0.95262,                0.68041,                 1.0392,                0.57912,                0.86945,                 1.0497,                0.51038,                0.87632,               0.004225,               0.004225,               0.004225
                    178,                0.97556,                0.69577,                0.87696,                 1.3184,                0.95323,                0.87754,                0.87671,                0.91579,                0.95313,                0.67401,                 1.0524,                0.58298,                0.87135,                 1.0628,                0.51352,                0.87864,               0.004192,               0.004192,               0.004192
                    179,                0.99048,                0.68896,                0.87535,                 1.3129,                0.95784,                0.87334,                0.86923,                0.91482,                0.95049,                0.66973,                 1.0577,                0.59299,                0.87119,                 1.0719,                0.53696,                0.87906,               0.004159,               0.004159,               0.004159
                    180,                0.98348,                0.69294,                0.87385,                 1.3104,                0.94948,                 0.8715,                0.87918,                 0.9096,                0.95076,                0.67251,                 1.0425,                0.57292,                0.86888,                 1.0551,                0.51113,                0.87682,               0.004126,               0.004126,               0.004126
                    181,                0.98722,                0.68417,                0.87708,                 1.3145,                0.92881,                  0.873,                0.87923,                0.91162,                0.95162,                0.67884,                 1.0364,                0.56277,                0.86876,                 1.0462,                 0.4973,                0.87601,               0.004093,               0.004093,               0.004093
                    182,                0.96666,                0.68015,                0.87134,                 1.2772,                0.92202,                0.87009,                0.87374,                0.90867,                0.95099,                0.68205,                 1.0267,                 0.5602,                0.86796,                 1.0369,                0.50061,                0.87502,                0.00406,                0.00406,                0.00406
                    183,                 0.9607,                0.68095,                0.86969,                 1.3089,                0.93942,                0.87035,                 0.8702,                0.91288,                0.95116,                0.68382,                 1.0271,                0.55159,                0.86711,                 1.0364,                0.49954,                0.87548,               0.004027,               0.004027,               0.004027
                    184,                0.97756,                0.68347,                0.87131,                 1.3435,                0.94841,                0.87123,                0.93446,                0.84607,                0.95158,                0.68366,                 1.0294,                0.55923,                0.86644,                 1.0397,                0.51377,                0.87436,               0.003994,               0.003994,               0.003994
                    185,                0.97121,                0.68382,                0.86937,                 1.3207,                0.94979,                0.87093,                0.91135,                0.86965,                0.95125,                0.68266,                 1.0282,                0.56249,                0.86635,                   1.04,                0.50852,                0.87528,               0.003961,               0.003961,               0.003961
                    186,                0.98124,                0.69892,                0.87322,                 1.3138,                 0.9428,                0.87142,                 0.9044,                0.87879,                0.95273,                0.68238,                 1.0201,                0.55902,                0.86662,                 1.0319,                0.50193,                0.87384,               0.003928,               0.003928,               0.003928
                    187,                0.96975,                0.67365,                0.86982,                 1.3076,                 0.9325,                 0.8674,                0.89658,                0.88636,                0.95339,                0.68159,                 1.0192,                0.56889,                0.86793,                 1.0318,                0.50653,                0.87462,               0.003895,               0.003895,               0.003895
                    188,                0.97245,                0.69008,                0.87243,                 1.3083,                0.94152,                0.87078,                0.89508,                0.88889,                0.95415,                0.68368,                 1.0119,                0.56531,                0.86794,                  1.024,                 0.5012,                 0.8754,               0.003862,               0.003862,               0.003862
                    189,                 0.9616,                0.68049,                0.86939,                 1.2999,                0.92786,                0.86795,                0.90337,                0.88534,                0.95288,                0.68206,                 1.0153,                0.57435,                0.86752,                 1.0237,                0.51425,                 0.8751,               0.003829,               0.003829,               0.003829
                    190,                0.96549,                0.67613,                0.86998,                 1.3006,                0.92367,                0.86994,                0.89583,                0.88258,                0.95114,                0.68078,                 1.0168,                0.57967,                0.86716,                 1.0292,                0.52374,                0.87513,               0.003796,               0.003796,               0.003796
                    191,                0.97296,                0.68036,                0.86823,                 1.3278,                0.94146,                0.86992,                0.90786,                0.87121,                0.95124,                0.68048,                 1.0247,                0.58218,                0.86846,                 1.0345,                0.52617,                 0.8755,               0.003763,               0.003763,               0.003763
                    192,                0.98772,                0.70571,                0.87596,                 1.3238,                 0.9736,                0.87262,                0.90705,                0.87482,                0.94939,                0.67954,                 1.0225,                0.58662,                0.86802,                 1.0333,                0.53389,                0.87593,                0.00373,                0.00373,                0.00373
                    193,                0.95161,                0.68258,                0.87067,                 1.2894,                 0.9172,                 0.8717,                 0.9029,                0.88057,                0.94844,                0.68155,                 1.0135,                 0.5852,                0.86642,                 1.0232,                0.53861,                0.87452,               0.003697,               0.003697,               0.003697
                    194,                0.94556,                0.67104,                0.86989,                 1.2761,                0.90485,                0.86767,                0.89845,                0.89371,                0.95258,                0.68074,                 1.0117,                0.57422,                 0.8666,                 1.0227,                0.52392,                0.87461,               0.003664,               0.003664,               0.003664
                    195,                0.95258,                0.67292,                0.86665,                 1.2968,                 0.9226,                 0.8651,                0.88704,                0.90226,                0.95224,                0.68172,                 1.0049,                0.56859,                0.86573,                 1.0185,                0.51972,                0.87405,               0.003631,               0.003631,               0.003631
                    196,                0.94903,                0.67828,                0.86247,                   1.28,                0.91862,                 0.8639,                0.89503,                0.89141,                0.95259,                0.68451,                 1.0034,                0.56979,                0.86552,                 1.0179,                0.52342,                0.87409,               0.003598,               0.003598,               0.003598
                    197,                0.95089,                 0.6647,                0.86314,                 1.2786,                0.89713,                0.86323,                0.88819,                0.89271,                0.95325,                 0.6842,                 1.0071,                0.56692,                  0.866,                 1.0209,                 0.5213,                0.87471,               0.003565,               0.003565,               0.003565
                    198,                0.95301,                0.67281,                0.86684,                 1.2903,                0.92501,                  0.867,                0.88877,                0.89394,                0.95179,                0.68169,                 1.0046,                0.56867,                0.86554,                  1.017,                0.52256,                0.87356,               0.003532,               0.003532,               0.003532
                    199,                0.94374,                 0.6547,                0.86467,                 1.2727,                0.89346,                0.86201,                0.88782,                 0.8894,                0.95055,                 0.6846,                 1.0063,                0.56621,                0.86565,                 1.0155,                 0.5275,                0.87344,               0.003499,               0.003499,               0.003499
